--------------------------------------------------------
--  File created - Thursday-December-07-2023   
--------------------------------------------------------
--------------------------------------------------------
--  DDL for Table CLIENT
--------------------------------------------------------

  CREATE TABLE "AYMEN"."CLIENT" 
   (	"CIN" VARCHAR2(20 BYTE), 
	"DATE_NAISSANCE" VARCHAR2(20 BYTE), 
	"ADRESSE" VARCHAR2(20 BYTE), 
	"GENRE" VARCHAR2(20 BYTE), 
	"MAIL" VARCHAR2(20 BYTE), 
	"NOM" VARCHAR2(20 BYTE), 
	"NUMERO" VARCHAR2(20 BYTE), 
	"PRENOM" VARCHAR2(20 BYTE), 
	"POINTSFIDELITE" VARCHAR2(20 BYTE)
   ) SEGMENT CREATION IMMEDIATE 
  PCTFREE 10 PCTUSED 40 INITRANS 1 MAXTRANS 255 NOCOMPRESS LOGGING
  STORAGE(INITIAL 65536 NEXT 1048576 MINEXTENTS 1 MAXEXTENTS 2147483645
  PCTINCREASE 0 FREELISTS 1 FREELIST GROUPS 1 BUFFER_POOL DEFAULT FLASH_CACHE DEFAULT CELL_FLASH_CACHE DEFAULT)
  TABLESPACE "SYSTEM" ;
--------------------------------------------------------
--  DDL for Table COMMANDE
--------------------------------------------------------

  CREATE TABLE "AYMEN"."COMMANDE" 
   (	"REFERENCE" VARCHAR2(20 BYTE), 
	"LIVREUR" VARCHAR2(20 BYTE), 
	"CLIENT" VARCHAR2(20 BYTE), 
	"DESTINATION" VARCHAR2(20 BYTE), 
	"JOUR" NUMBER, 
	"MOIS" NUMBER, 
	"ANNE" NUMBER, 
	"PRIX" NUMBER, 
	"STOCK_ID" VARCHAR2(20 BYTE), 
	"STATUS" VARCHAR2(20 BYTE)
   ) SEGMENT CREATION IMMEDIATE 
  PCTFREE 10 PCTUSED 40 INITRANS 1 MAXTRANS 255 NOCOMPRESS LOGGING
  STORAGE(INITIAL 65536 NEXT 1048576 MINEXTENTS 1 MAXEXTENTS 2147483645
  PCTINCREASE 0 FREELISTS 1 FREELIST GROUPS 1 BUFFER_POOL DEFAULT FLASH_CACHE DEFAULT CELL_FLASH_CACHE DEFAULT)
  TABLESPACE "SYSTEM" ;
--------------------------------------------------------
--  DDL for Table EMPLOYER
--------------------------------------------------------

  CREATE TABLE "AYMEN"."EMPLOYER" 
   (	"NOM_E" VARCHAR2(20 BYTE), 
	"PRENOM_E" VARCHAR2(20 BYTE), 
	"CIN_E" VARCHAR2(20 BYTE), 
	"ADRESSE_E" VARCHAR2(20 BYTE), 
	"NUMERO_TEL_E" VARCHAR2(20 BYTE), 
	"E_MAIL_E" VARCHAR2(20 BYTE), 
	"DATE_NAISSANCE_E" DATE, 
	"MOT_PASSE" VARCHAR2(20 BYTE)
   ) SEGMENT CREATION IMMEDIATE 
  PCTFREE 10 PCTUSED 40 INITRANS 1 MAXTRANS 255 NOCOMPRESS LOGGING
  STORAGE(INITIAL 65536 NEXT 1048576 MINEXTENTS 1 MAXEXTENTS 2147483645
  PCTINCREASE 0 FREELISTS 1 FREELIST GROUPS 1 BUFFER_POOL DEFAULT FLASH_CACHE DEFAULT CELL_FLASH_CACHE DEFAULT)
  TABLESPACE "SYSTEM" ;
--------------------------------------------------------
--  DDL for Table LIVREUR
--------------------------------------------------------

  CREATE TABLE "AYMEN"."LIVREUR" 
   (	"REFERENCE" VARCHAR2(20 BYTE), 
	"AUTONOMIE" VARCHAR2(20 BYTE), 
	"CAPACITER" NUMBER, 
	"VITESSE" VARCHAR2(20 BYTE), 
	"ETAT" VARCHAR2(20 BYTE)
   ) SEGMENT CREATION IMMEDIATE 
  PCTFREE 10 PCTUSED 40 INITRANS 1 MAXTRANS 255 NOCOMPRESS LOGGING
  STORAGE(INITIAL 65536 NEXT 1048576 MINEXTENTS 1 MAXEXTENTS 2147483645
  PCTINCREASE 0 FREELISTS 1 FREELIST GROUPS 1 BUFFER_POOL DEFAULT FLASH_CACHE DEFAULT CELL_FLASH_CACHE DEFAULT)
  TABLESPACE "SYSTEM" ;
--------------------------------------------------------
--  DDL for Table PRODUIT
--------------------------------------------------------

  CREATE TABLE "AYMEN"."PRODUIT" 
   (	"ID_STOCK" VARCHAR2(20 BYTE), 
	"TYPE" VARCHAR2(20 BYTE), 
	"SOURCE" VARCHAR2(20 BYTE), 
	"QUANTITE" NUMBER, 
	"ETAT" VARCHAR2(20 BYTE), 
	"STATUS" VARCHAR2(20 BYTE), 
	"PRIX" FLOAT(126), 
	"TEMP_BEST" FLOAT(126)
   ) SEGMENT CREATION IMMEDIATE 
  PCTFREE 10 PCTUSED 40 INITRANS 1 MAXTRANS 255 NOCOMPRESS LOGGING
  STORAGE(INITIAL 65536 NEXT 1048576 MINEXTENTS 1 MAXEXTENTS 2147483645
  PCTINCREASE 0 FREELISTS 1 FREELIST GROUPS 1 BUFFER_POOL DEFAULT FLASH_CACHE DEFAULT CELL_FLASH_CACHE DEFAULT)
  TABLESPACE "SYSTEM" ;
--------------------------------------------------------
--  DDL for Table RECLAMATION
--------------------------------------------------------

  CREATE TABLE "AYMEN"."RECLAMATION" 
   (	"REF" VARCHAR2(20 BYTE), 
	"DATEE" DATE, 
	"RETOUR_JUSTIFIE" VARCHAR2(20 BYTE), 
	"RETOUR_NONJUSTIFIE" VARCHAR2(20 BYTE), 
	"AVIS" VARCHAR2(20 BYTE), 
	"RFID" VARCHAR2(20 BYTE)
   ) SEGMENT CREATION IMMEDIATE 
  PCTFREE 10 PCTUSED 40 INITRANS 1 MAXTRANS 255 NOCOMPRESS LOGGING
  STORAGE(INITIAL 65536 NEXT 1048576 MINEXTENTS 1 MAXEXTENTS 2147483645
  PCTINCREASE 0 FREELISTS 1 FREELIST GROUPS 1 BUFFER_POOL DEFAULT FLASH_CACHE DEFAULT CELL_FLASH_CACHE DEFAULT)
  TABLESPACE "SYSTEM" ;
REM INSERTING into AYMEN.CLIENT
SET DEFINE OFF;
Insert into AYMEN.CLIENT (CIN,DATE_NAISSANCE,ADRESSE,GENRE,MAIL,NOM,NUMERO,PRENOM,POINTSFIDELITE) values ('12345678',null,null,null,null,null,null,null,null);
Insert into AYMEN.CLIENT (CIN,DATE_NAISSANCE,ADRESSE,GENRE,MAIL,NOM,NUMERO,PRENOM,POINTSFIDELITE) values ('87654321',null,null,null,null,null,null,null,null);
REM INSERTING into AYMEN.COMMANDE
SET DEFINE OFF;
Insert into AYMEN.COMMANDE (REFERENCE,LIVREUR,CLIENT,DESTINATION,JOUR,MOIS,ANNE,PRIX,STOCK_ID,STATUS) values ('REF954','Livreur3','12345678','Tunis',21,3,1975,300,'stock1','delivered');
Insert into AYMEN.COMMANDE (REFERENCE,LIVREUR,CLIENT,DESTINATION,JOUR,MOIS,ANNE,PRIX,STOCK_ID,STATUS) values ('REF901','Livreur2','12345678','Sousse',8,8,1964,500,'stock2','not delivered');
Insert into AYMEN.COMMANDE (REFERENCE,LIVREUR,CLIENT,DESTINATION,JOUR,MOIS,ANNE,PRIX,STOCK_ID,STATUS) values ('REF635','Livreur1','12345678','Nabeul',6,6,1978,100,'stock1','not delivered');
Insert into AYMEN.COMMANDE (REFERENCE,LIVREUR,CLIENT,DESTINATION,JOUR,MOIS,ANNE,PRIX,STOCK_ID,STATUS) values ('REF206','Livreur3','12345678','Sfax',28,4,2003,300,'stock1','delivered');
Insert into AYMEN.COMMANDE (REFERENCE,LIVREUR,CLIENT,DESTINATION,JOUR,MOIS,ANNE,PRIX,STOCK_ID,STATUS) values ('REF535','Livreur2','12345678','Sidi Bouzid',27,12,1976,500,'stock2','not delivered');
Insert into AYMEN.COMMANDE (REFERENCE,LIVREUR,CLIENT,DESTINATION,JOUR,MOIS,ANNE,PRIX,STOCK_ID,STATUS) values ('REF343','Livreur2','87654321','Sfax',23,1,1968,200,'stock2','not delivered');
Insert into AYMEN.COMMANDE (REFERENCE,LIVREUR,CLIENT,DESTINATION,JOUR,MOIS,ANNE,PRIX,STOCK_ID,STATUS) values ('REF968','Livreur2','12345678','Zaghouan',26,12,1958,500,'stock2','not delivered');
REM INSERTING into AYMEN.EMPLOYER
SET DEFINE OFF;
REM INSERTING into AYMEN.LIVREUR
SET DEFINE OFF;
Insert into AYMEN.LIVREUR (REFERENCE,AUTONOMIE,CAPACITER,VITESSE,ETAT) values ('Livreur1',null,null,null,null);
Insert into AYMEN.LIVREUR (REFERENCE,AUTONOMIE,CAPACITER,VITESSE,ETAT) values ('Livreur2',null,null,null,null);
Insert into AYMEN.LIVREUR (REFERENCE,AUTONOMIE,CAPACITER,VITESSE,ETAT) values ('Livreur3',null,null,null,null);
REM INSERTING into AYMEN.PRODUIT
SET DEFINE OFF;
Insert into AYMEN.PRODUIT (ID_STOCK,TYPE,SOURCE,QUANTITE,ETAT,STATUS,PRIX,TEMP_BEST) values ('stock1','medic',null,null,null,null,null,6);
Insert into AYMEN.PRODUIT (ID_STOCK,TYPE,SOURCE,QUANTITE,ETAT,STATUS,PRIX,TEMP_BEST) values ('stock2','food',null,null,null,null,null,40);
Insert into AYMEN.PRODUIT (ID_STOCK,TYPE,SOURCE,QUANTITE,ETAT,STATUS,PRIX,TEMP_BEST) values ('stock3','electronics',null,null,null,null,null,25);
REM INSERTING into AYMEN.RECLAMATION
SET DEFINE OFF;
--------------------------------------------------------
--  DDL for Index CLIENT_PK
--------------------------------------------------------

  CREATE UNIQUE INDEX "AYMEN"."CLIENT_PK" ON "AYMEN"."CLIENT" ("CIN") 
  PCTFREE 10 INITRANS 2 MAXTRANS 255 COMPUTE STATISTICS 
  STORAGE(INITIAL 65536 NEXT 1048576 MINEXTENTS 1 MAXEXTENTS 2147483645
  PCTINCREASE 0 FREELISTS 1 FREELIST GROUPS 1 BUFFER_POOL DEFAULT FLASH_CACHE DEFAULT CELL_FLASH_CACHE DEFAULT)
  TABLESPACE "SYSTEM" ;
--------------------------------------------------------
--  DDL for Index COMMANDE_PK
--------------------------------------------------------

  CREATE UNIQUE INDEX "AYMEN"."COMMANDE_PK" ON "AYMEN"."COMMANDE" ("REFERENCE") 
  PCTFREE 10 INITRANS 2 MAXTRANS 255 
  STORAGE(INITIAL 65536 NEXT 1048576 MINEXTENTS 1 MAXEXTENTS 2147483645
  PCTINCREASE 0 FREELISTS 1 FREELIST GROUPS 1 BUFFER_POOL DEFAULT FLASH_CACHE DEFAULT CELL_FLASH_CACHE DEFAULT)
  TABLESPACE "SYSTEM" ;
--------------------------------------------------------
--  DDL for Index EMPLOYER_PK
--------------------------------------------------------

  CREATE UNIQUE INDEX "AYMEN"."EMPLOYER_PK" ON "AYMEN"."EMPLOYER" ("CIN_E") 
  PCTFREE 10 INITRANS 2 MAXTRANS 255 COMPUTE STATISTICS 
  STORAGE(INITIAL 65536 NEXT 1048576 MINEXTENTS 1 MAXEXTENTS 2147483645
  PCTINCREASE 0 FREELISTS 1 FREELIST GROUPS 1 BUFFER_POOL DEFAULT FLASH_CACHE DEFAULT CELL_FLASH_CACHE DEFAULT)
  TABLESPACE "SYSTEM" ;
--------------------------------------------------------
--  DDL for Index LIVREUR_PK
--------------------------------------------------------

  CREATE UNIQUE INDEX "AYMEN"."LIVREUR_PK" ON "AYMEN"."LIVREUR" ("REFERENCE") 
  PCTFREE 10 INITRANS 2 MAXTRANS 255 COMPUTE STATISTICS 
  STORAGE(INITIAL 65536 NEXT 1048576 MINEXTENTS 1 MAXEXTENTS 2147483645
  PCTINCREASE 0 FREELISTS 1 FREELIST GROUPS 1 BUFFER_POOL DEFAULT FLASH_CACHE DEFAULT CELL_FLASH_CACHE DEFAULT)
  TABLESPACE "SYSTEM" ;
--------------------------------------------------------
--  DDL for Index STOCK_PK
--------------------------------------------------------

  CREATE UNIQUE INDEX "AYMEN"."STOCK_PK" ON "AYMEN"."PRODUIT" ("ID_STOCK") 
  PCTFREE 10 INITRANS 2 MAXTRANS 255 COMPUTE STATISTICS 
  STORAGE(INITIAL 65536 NEXT 1048576 MINEXTENTS 1 MAXEXTENTS 2147483645
  PCTINCREASE 0 FREELISTS 1 FREELIST GROUPS 1 BUFFER_POOL DEFAULT FLASH_CACHE DEFAULT CELL_FLASH_CACHE DEFAULT)
  TABLESPACE "SYSTEM" ;
--------------------------------------------------------
--  DDL for Index RECLAMATION_PK
--------------------------------------------------------

  CREATE UNIQUE INDEX "AYMEN"."RECLAMATION_PK" ON "AYMEN"."RECLAMATION" ("REF") 
  PCTFREE 10 INITRANS 2 MAXTRANS 255 COMPUTE STATISTICS 
  STORAGE(INITIAL 65536 NEXT 1048576 MINEXTENTS 1 MAXEXTENTS 2147483645
  PCTINCREASE 0 FREELISTS 1 FREELIST GROUPS 1 BUFFER_POOL DEFAULT FLASH_CACHE DEFAULT CELL_FLASH_CACHE DEFAULT)
  TABLESPACE "SYSTEM" ;
--------------------------------------------------------
--  Constraints for Table CLIENT
--------------------------------------------------------

  ALTER TABLE "AYMEN"."CLIENT" MODIFY ("CIN" NOT NULL ENABLE);
  ALTER TABLE "AYMEN"."CLIENT" ADD CONSTRAINT "CLIENT_PK" PRIMARY KEY ("CIN")
  USING INDEX PCTFREE 10 INITRANS 2 MAXTRANS 255 COMPUTE STATISTICS 
  STORAGE(INITIAL 65536 NEXT 1048576 MINEXTENTS 1 MAXEXTENTS 2147483645
  PCTINCREASE 0 FREELISTS 1 FREELIST GROUPS 1 BUFFER_POOL DEFAULT FLASH_CACHE DEFAULT CELL_FLASH_CACHE DEFAULT)
  TABLESPACE "SYSTEM"  ENABLE;
--------------------------------------------------------
--  Constraints for Table COMMANDE
--------------------------------------------------------

  ALTER TABLE "AYMEN"."COMMANDE" MODIFY ("STATUS" NOT NULL ENABLE);
  ALTER TABLE "AYMEN"."COMMANDE" ADD CONSTRAINT "COMMANDE_PK" PRIMARY KEY ("REFERENCE")
  USING INDEX PCTFREE 10 INITRANS 2 MAXTRANS 255 
  STORAGE(INITIAL 65536 NEXT 1048576 MINEXTENTS 1 MAXEXTENTS 2147483645
  PCTINCREASE 0 FREELISTS 1 FREELIST GROUPS 1 BUFFER_POOL DEFAULT FLASH_CACHE DEFAULT CELL_FLASH_CACHE DEFAULT)
  TABLESPACE "SYSTEM"  ENABLE;
  ALTER TABLE "AYMEN"."COMMANDE" MODIFY ("STOCK_ID" NOT NULL ENABLE);
  ALTER TABLE "AYMEN"."COMMANDE" MODIFY ("PRIX" NOT NULL ENABLE);
  ALTER TABLE "AYMEN"."COMMANDE" MODIFY ("DESTINATION" NOT NULL ENABLE);
  ALTER TABLE "AYMEN"."COMMANDE" MODIFY ("CLIENT" NOT NULL ENABLE);
  ALTER TABLE "AYMEN"."COMMANDE" MODIFY ("LIVREUR" NOT NULL ENABLE);
  ALTER TABLE "AYMEN"."COMMANDE" MODIFY ("REFERENCE" NOT NULL ENABLE);
--------------------------------------------------------
--  Constraints for Table EMPLOYER
--------------------------------------------------------

  ALTER TABLE "AYMEN"."EMPLOYER" ADD CONSTRAINT "EMPLOYER_PK" PRIMARY KEY ("CIN_E")
  USING INDEX PCTFREE 10 INITRANS 2 MAXTRANS 255 COMPUTE STATISTICS 
  STORAGE(INITIAL 65536 NEXT 1048576 MINEXTENTS 1 MAXEXTENTS 2147483645
  PCTINCREASE 0 FREELISTS 1 FREELIST GROUPS 1 BUFFER_POOL DEFAULT FLASH_CACHE DEFAULT CELL_FLASH_CACHE DEFAULT)
  TABLESPACE "SYSTEM"  ENABLE;
  ALTER TABLE "AYMEN"."EMPLOYER" MODIFY ("MOT_PASSE" NOT NULL ENABLE);
  ALTER TABLE "AYMEN"."EMPLOYER" MODIFY ("ADRESSE_E" NOT NULL ENABLE);
  ALTER TABLE "AYMEN"."EMPLOYER" MODIFY ("CIN_E" NOT NULL ENABLE);
  ALTER TABLE "AYMEN"."EMPLOYER" MODIFY ("PRENOM_E" NOT NULL ENABLE);
  ALTER TABLE "AYMEN"."EMPLOYER" MODIFY ("NOM_E" NOT NULL ENABLE);
--------------------------------------------------------
--  Constraints for Table LIVREUR
--------------------------------------------------------

  ALTER TABLE "AYMEN"."LIVREUR" ADD CONSTRAINT "LIVREUR_PK" PRIMARY KEY ("REFERENCE")
  USING INDEX PCTFREE 10 INITRANS 2 MAXTRANS 255 COMPUTE STATISTICS 
  STORAGE(INITIAL 65536 NEXT 1048576 MINEXTENTS 1 MAXEXTENTS 2147483645
  PCTINCREASE 0 FREELISTS 1 FREELIST GROUPS 1 BUFFER_POOL DEFAULT FLASH_CACHE DEFAULT CELL_FLASH_CACHE DEFAULT)
  TABLESPACE "SYSTEM"  ENABLE;
  ALTER TABLE "AYMEN"."LIVREUR" MODIFY ("REFERENCE" NOT NULL ENABLE);
--------------------------------------------------------
--  Constraints for Table PRODUIT
--------------------------------------------------------

  ALTER TABLE "AYMEN"."PRODUIT" ADD CONSTRAINT "STOCK_PK" PRIMARY KEY ("ID_STOCK")
  USING INDEX PCTFREE 10 INITRANS 2 MAXTRANS 255 COMPUTE STATISTICS 
  STORAGE(INITIAL 65536 NEXT 1048576 MINEXTENTS 1 MAXEXTENTS 2147483645
  PCTINCREASE 0 FREELISTS 1 FREELIST GROUPS 1 BUFFER_POOL DEFAULT FLASH_CACHE DEFAULT CELL_FLASH_CACHE DEFAULT)
  TABLESPACE "SYSTEM"  ENABLE;
  ALTER TABLE "AYMEN"."PRODUIT" MODIFY ("ID_STOCK" NOT NULL ENABLE);
--------------------------------------------------------
--  Constraints for Table RECLAMATION
--------------------------------------------------------

  ALTER TABLE "AYMEN"."RECLAMATION" ADD CONSTRAINT "RECLAMATION_PK" PRIMARY KEY ("REF")
  USING INDEX PCTFREE 10 INITRANS 2 MAXTRANS 255 COMPUTE STATISTICS 
  STORAGE(INITIAL 65536 NEXT 1048576 MINEXTENTS 1 MAXEXTENTS 2147483645
  PCTINCREASE 0 FREELISTS 1 FREELIST GROUPS 1 BUFFER_POOL DEFAULT FLASH_CACHE DEFAULT CELL_FLASH_CACHE DEFAULT)
  TABLESPACE "SYSTEM"  ENABLE;
  ALTER TABLE "AYMEN"."RECLAMATION" MODIFY ("REF" NOT NULL ENABLE);
--------------------------------------------------------
--  Ref Constraints for Table COMMANDE
--------------------------------------------------------

  ALTER TABLE "AYMEN"."COMMANDE" ADD CONSTRAINT "FK_CLIENT" FOREIGN KEY ("CLIENT")
	  REFERENCES "AYMEN"."CLIENT" ("CIN") ENABLE;
  ALTER TABLE "AYMEN"."COMMANDE" ADD CONSTRAINT "FK_LIVREUR" FOREIGN KEY ("LIVREUR")
	  REFERENCES "AYMEN"."LIVREUR" ("REFERENCE") ENABLE;
  ALTER TABLE "AYMEN"."COMMANDE" ADD CONSTRAINT "FK_STOCK" FOREIGN KEY ("STOCK_ID")
	  REFERENCES "AYMEN"."PRODUIT" ("ID_STOCK") ENABLE;
